customerID,gender,SeniorCitizen,tenure,PhoneService,InternetService,MonthlyCharges,TotalCharges,Churn
CUST00001,Male,0,36,Yes,Fiber optic,26.06,932.31,No
CUST00002,Female,0,13,No,No,86.62,1152.26,No
CUST00003,Male,0,1,No,No,62.91,59.67,No
CUST00004,Male,1,1,Yes,Fiber optic,95.71,104.6,No
CUST00005,Female,0,4,No,Fiber optic,95.0,371.74,No
CUST00006,Female,0,12,No,No,47.44,470.9,No
CUST00007,Female,0,37,Yes,Fiber optic,53.24,1889.73,No
CUST00008,Female,0,50,No,DSL,69.36,3854.44,No
CUST00009,Male,0,29,Yes,DSL,40.35,1198.68,No
CUST00010,Male,1,6,Yes,DSL,64.1,356.45,No
CUST00011,Male,0,17,No,Fiber optic,22.45,457.7,Yes
CUST00012,Male,0,14,No,No,70.89,1030.58,No
CUST00013,Female,0,70,Yes,Fiber optic,75.39,4895.73,Yes
CUST00014,Female,1,14,No,DSL,80.35,1116.92,No
CUST00015,Female,0,0,Yes,DSL,86.91,,No
CUST00016,Female,0,65,Yes,No,23.54,1166.5,No
CUST00017,Female,0,12,No,Fiber optic,77.42,1003.99,No
CUST00018,Male,0,26,Yes,DSL,58.38,1386.08,No
CUST00019,Male,0,11,Yes,Fiber optic,73.83,916.84,Yes
CUST00020,Male,0,12,No,DSL,93.46,1133.26,No
CUST00021,Male,0,13,Yes,DSL,84.5,1158.84,No
CUST00022,Male,0,14,Yes,DSL,32.15,313.72,No
CUST00023,Male,1,5,No,Fiber optic,107.38,494.08,Yes
CUST00024,Male,0,10,No,DSL,79.99,736.61,Yes
CUST00025,Female,0,32,No,DSL,87.41,2544.51,No
CUST00026,Male,0,11,Yes,Fiber optic,71.45,,No
CUST00027,Female,0,0,No,Fiber optic,61.19,,No
CUST00028,Male,1,11,Yes,DSL,77.43,895.47,Yes
CUST00029,Male,0,4,No,No,94.82,398.08,Yes
CUST00030,Male,0,3,Yes,DSL,108.92,301.27,No
CUST00031,Female,1,68,No,No,99.91,6724.06,No
CUST00032,Female,0,19,No,DSL,54.89,1231.33,No
CUST00033,Female,0,0,Yes,No,93.13,,No
CUST00034,Female,0,11,Yes,Fiber optic,87.91,934.29,Yes
CUST00035,Female,1,51,No,DSL,93.58,4747.86,No
CUST00036,Male,0,38,No,Fiber optic,98.95,3806.26,No
CUST00037,Male,0,49,Yes,DSL,59.39,3234.81,No
CUST00038,Male,0,14,Yes,DSL,25.18,438.19,No
CUST00039,Female,0,72,Yes,DSL,69.45,4991.04,No
CUST00040,Female,0,27,Yes,DSL,93.01,2687.9,No
CUST00041,Male,0,3,No,No,104.51,298.75,No
CUST00042,Male,0,42,Yes,DSL,89.03,3366.66,No
CUST00043,Male,0,62,Yes,DSL,73.07,4797.5,No
CUST00044,Female,0,54,No,Fiber optic,74.52,4219.11,Yes
CUST00045,Female,0,12,No,No,61.83,743.15,No
CUST00046,Male,0,4,No,DSL,64.45,234.8,No
CUST00047,Female,0,47,Yes,DSL,29.56,1562.42,No
CUST00048,Female,1,41,Yes,Fiber optic,53.89,,No
CUST00049,Female,0,47,Yes,DSL,72.97,3403.76,No
CUST00050,Male,0,43,Yes,Fiber optic,73.42,3126.33,No
CUST00051,Male,1,9,No,DSL,62.23,524.69,No
CUST00052,Female,0,8,No,Fiber optic,105.4,859.48,No
CUST00053,Female,0,69,Yes,No,30.92,2291.38,No
CUST00054,Male,0,28,Yes,DSL,64.11,2007.15,No
CUST00055,Male,1,26,Yes,DSL,36.08,1009.47,No
CUST00056,Male,0,11,Yes,DSL,100.47,1011.08,No
CUST00057,Male,0,46,No,DSL,47.15,2110.74,No
CUST00058,Male,0,28,Yes,Fiber optic,25.26,712.18,Yes
CUST00059,Female,0,59,No,No,85.29,5521.9,No
CUST00060,Female,0,20,Yes,Fiber optic,46.96,1089.97,No
CUST00061,Male,0,4,No,Fiber optic,106.61,,Yes
CUST00062,Female,0,3,No,DSL,64.71,174.69,No
CUST00063,Female,0,10,No,DSL,80.46,751.24,No
CUST00064,Male,1,43,Yes,No,86.52,3291.96,No
CUST00065,Female,0,1,Yes,DSL,72.93,81.48,No
CUST00066,Male,0,31,Yes,Fiber optic,32.68,920.69,No
CUST00067,Female,0,8,Yes,Fiber optic,85.95,698.45,Yes
CUST00068,Female,1,8,No,Fiber optic,109.05,945.4,No
CUST00069,Female,1,29,No,DSL,38.62,1122.55,No
CUST00070,Male,1,5,No,No,99.09,470.26,Yes
CUST00071,Female,0,3,No,No,93.91,261.85,No
CUST00072,Female,0,65,No,DSL,91.47,6093.36,No
CUST00073,Female,0,51,Yes,Fiber optic,74.03,3436.84,No
CUST00074,Male,0,5,Yes,DSL,99.34,477.39,No
CUST00075,Female,0,1,Yes,DSL,77.53,83.64,Yes
CUST00076,Male,0,56,Yes,Fiber optic,59.19,3220.84,No
CUST00077,Female,0,6,No,Fiber optic,90.68,528.99,Yes
CUST00078,Female,0,7,Yes,DSL,79.49,540.7,Yes
CUST00079,Male,0,36,Yes,DSL,78.16,2882.56,No
CUST00080,Male,0,9,Yes,DSL,92.02,833.17,Yes
CUST00081,Female,0,35,Yes,Fiber optic,89.05,3006.15,Yes
CUST00082,Female,0,10,Yes,DSL,75.58,790.1,Yes
CUST00083,Female,0,6,Yes,Fiber optic,64.01,420.32,Yes
CUST00084,Female,0,72,No,Fiber optic,26.91,1929.6,No
CUST00085,Female,0,29,No,DSL,49.04,1627.55,No
CUST00086,Female,0,23,No,Fiber optic,64.29,1505.9,No
CUST00087,Female,1,12,No,No,71.09,742.23,No
CUST00088,Female,0,65,Yes,Fiber optic,75.17,5333.18,Yes
CUST00089,Male,0,55,Yes,No,36.62,2271.01,No
CUST00090,Female,1,6,Yes,DSL,99.54,609.5,Yes
CUST00091,Male,0,11,Yes,DSL,69.44,856.16,No
CUST00092,Female,0,10,Yes,Fiber optic,104.9,964.9,No
CUST00093,Female,0,14,No,Fiber optic,44.8,669.14,Yes
CUST00094,Female,0,8,No,DSL,105.86,879.91,Yes
CUST00095,Male,0,21,Yes,DSL,38.92,860.63,No
CUST00096,Female,0,17,Yes,Fiber optic,73.55,,No
CUST00097,Female,0,21,No,Fiber optic,76.92,1694.2,No
CUST00098,Female,0,6,No,DSL,73.55,396.34,Yes
CUST00099,Female,0,52,No,DSL,25.1,1523.78,No
CUST00100,Male,0,4,Yes,DSL,106.18,410.35,No
CUST00101,Male,1,44,Yes,DSL,23.19,1247.46,No
CUST00102,Female,0,33,No,DSL,69.33,2363.53,No
CUST00103,Male,0,3,Yes,DSL,106.71,330.4,No
CUST00104,Male,0,64,Yes,DSL,79.59,4961.31,No
CUST00105,Female,0,28,No,Fiber optic,98.1,2701.27,No
CUST00106,Female,0,10,No,DSL,102.29,1086.26,Yes
CUST00107,Male,0,37,Yes,DSL,54.47,1982.42,No
CUST00108,Female,0,16,No,Fiber optic,54.66,841.03,No
CUST00109,Female,0,6,No,DSL,95.26,,No
CUST00110,Male,0,13,Yes,DSL,56.05,772.85,No
CUST00111,Male,1,19,Yes,Fiber optic,77.67,1369.55,Yes
CUST00112,Female,0,5,No,DSL,98.8,525.95,No
CUST00113,Female,0,7,No,Fiber optic,90.81,682.6,Yes
CUST00114,Male,0,8,Yes,DSL,108.76,,Yes
CUST00115,Male,0,7,Yes,Fiber optic,62.51,445.92,No
CUST00116,Female,0,31,No,DSL,28.48,1151.74,No
CUST00117,Male,0,52,No,DSL,42.25,2288.49,No
CUST00118,Female,0,37,No,DSL,92.76,3392.25,No
CUST00119,Female,0,11,Yes,No,63.64,760.48,No
CUST00120,Male,0,33,No,No,99.76,3531.88,No
CUST00121,Female,0,7,No,Fiber optic,80.68,617.12,Yes
CUST00122,Male,0,6,No,DSL,66.73,402.18,No
CUST00123,Female,0,9,Yes,Fiber optic,107.54,943.79,No
CUST00124,Male,1,11,No,Fiber optic,83.73,945.45,No
CUST00125,Male,0,9,Yes,Fiber optic,82.0,659.85,Yes
CUST00126,Male,0,31,Yes,Fiber optic,61.54,1894.43,No
CUST00127,Male,0,0,No,DSL,88.97,,Yes
CUST00128,Female,0,4,No,DSL,66.09,231.46,No
CUST00129,Female,0,32,Yes,DSL,70.06,2521.32,No
CUST00130,Female,0,7,Yes,Fiber optic,75.92,527.93,No
CUST00131,Male,0,59,Yes,Fiber optic,31.25,2061.99,No
CUST00132,Male,1,4,No,DSL,74.86,310.44,Yes
CUST00133,Male,1,64,Yes,DSL,79.43,5518.95,No
CUST00134,Female,0,6,Yes,No,72.21,397.55,No
CUST00135,Female,1,5,No,Fiber optic,108.59,508.13,Yes
CUST00136,Female,0,23,No,Fiber optic,38.27,726.59,Yes
CUST00137,Female,0,20,Yes,Fiber optic,87.7,1721.28,No
CUST00138,Female,1,5,Yes,DSL,70.17,369.39,Yes
CUST00139,Female,0,23,No,DSL,71.42,1803.22,No
CUST00140,Male,0,56,No,Fiber optic,98.13,5147.99,Yes
CUST00141,Male,1,3,No,DSL,71.64,203.9,Yes
CUST00142,Male,1,6,No,No,107.68,673.68,Yes
CUST00143,Female,0,5,No,No,85.91,412.11,Yes
CUST00144,Female,0,63,No,DSL,27.3,1462.84,No
CUST00145,Female,1,7,No,DSL,87.51,659.71,No
CUST00146,Female,0,67,Yes,DSL,22.8,1833.47,No
CUST00147,Male,0,5,No,Fiber optic,67.69,316.19,No
CUST00148,Female,0,18,No,Fiber optic,51.22,949.6,No
CUST00149,Female,1,62,No,Fiber optic,49.35,3037.69,No
CUST00150,Male,0,70,No,No,51.17,3087.93,No
CUST00151,Male,0,1,No,DSL,99.14,92.31,Yes
CUST00152,Male,1,2,Yes,Fiber optic,74.72,150.84,Yes
CUST00153,Male,0,70,No,DSL,94.54,6049.51,No
CUST00154,Female,0,15,No,DSL,73.95,,No
CUST00155,Female,0,35,No,Fiber optic,68.53,2607.92,No
CUST00156,Male,0,60,Yes,DSL,35.47,2471.49,No
CUST00157,Male,1,11,No,Fiber optic,71.94,,Yes
CUST00158,Male,0,28,No,Fiber optic,53.17,1333.96,No
CUST00159,Male,1,72,No,Fiber optic,90.08,6060.55,Yes
CUST00160,Male,0,22,Yes,Fiber optic,68.16,1608.36,No
CUST00161,Male,0,48,No,DSL,79.1,4141.28,No
CUST00162,Male,0,41,Yes,Fiber optic,53.09,2290.17,Yes
CUST00163,Female,0,16,No,No,22.03,449.76,No
CUST00164,Male,1,56,Yes,DSL,27.35,1583.86,Yes
CUST00165,Male,0,6,No,No,101.34,623.62,No
CUST00166,Male,0,3,No,DSL,102.98,303.15,Yes
CUST00167,Female,0,32,No,Fiber optic,49.16,1253.71,No
CUST00168,Female,0,9,Yes,Fiber optic,69.39,693.74,Yes
CUST00169,Female,0,62,Yes,DSL,62.05,3891.36,No
CUST00170,Female,0,42,Yes,No,50.62,1817.87,No
CUST00171,Male,0,5,Yes,DSL,90.57,417.33,Yes
CUST00172,Male,0,10,No,No,79.12,709.77,Yes
CUST00173,Male,0,0,No,Fiber optic,85.87,,Yes
CUST00174,Male,1,59,Yes,DSL,56.58,3009.04,No
CUST00175,Male,0,69,No,Fiber optic,69.87,4509.32,No
CUST00176,Male,0,30,No,Fiber optic,33.47,1201.29,No
CUST00177,Female,0,71,No,DSL,42.86,2514.93,No
CUST00178,Male,1,63,No,DSL,79.01,4548.23,No
CUST00179,Male,0,46,No,DSL,48.47,2057.7,No
CUST00180,Female,0,33,Yes,DSL,78.71,2561.1,No
CUST00181,Male,1,8,Yes,No,64.7,561.65,No
CUST00182,Female,0,38,No,DSL,93.95,3470.88,No
CUST00183,Male,1,50,No,DSL,65.17,3150.64,Yes
CUST00184,Male,0,49,Yes,DSL,88.77,4346.09,No
CUST00185,Male,0,37,No,Fiber optic,25.2,607.45,Yes
CUST00186,Male,0,0,Yes,DSL,67.96,,No
CUST00187,Male,1,21,No,Fiber optic,40.02,,Yes
CUST00188,Female,1,7,No,No,64.19,405.78,No
CUST00189,Female,0,47,No,DSL,98.33,4749.66,No
CUST00190,Male,0,12,No,DSL,76.18,,No
CUST00191,Female,1,2,Yes,DSL,68.5,131.22,No
CUST00192,Male,0,71,Yes,DSL,58.65,4697.26,No
CUST00193,Male,0,12,Yes,No,93.28,1132.75,No
CUST00194,Female,1,12,Yes,No,94.81,1106.6,No
CUST00195,Female,0,20,No,No,73.96,,No
CUST00196,Male,0,6,No,Fiber optic,73.47,431.81,Yes
CUST00197,Male,0,3,No,DSL,87.99,241.08,Yes
CUST00198,Female,0,11,Yes,DSL,73.89,774.89,No
CUST00199,Male,0,23,Yes,Fiber optic,93.62,1995.73,Yes
CUST00200,Female,0,4,Yes,DSL,86.49,367.86,Yes
CUST00201,Male,0,4,No,DSL,81.32,322.44,Yes
CUST00202,Female,0,12,Yes,Fiber optic,76.39,921.24,No
CUST00203,Male,0,65,Yes,DSL,99.26,7023.03,No
CUST00204,Male,0,16,Yes,DSL,56.41,1002.79,No
CUST00205,Male,0,23,No,DSL,92.92,2215.02,No
CUST00206,Female,0,0,Yes,Fiber optic,79.36,,Yes
CUST00207,Male,1,71,Yes,Fiber optic,98.43,7190.6,No
CUST00208,Male,0,29,No,DSL,69.59,1781.78,No
CUST00209,Male,0,18,No,No,59.02,1223.99,No
CUST00210,Female,0,4,No,Fiber optic,88.39,,No
CUST00211,Male,1,60,No,No,98.66,,Yes
CUST00212,Female,0,45,Yes,No,71.57,2820.44,No
CUST00213,Female,1,8,Yes,No,73.76,531.2,No
CUST00214,Male,0,63,Yes,DSL,95.94,5698.62,No
CUST00215,Female,0,0,Yes,No,91.3,,No
CUST00216,Male,1,48,Yes,Fiber optic,56.41,2837.3,Yes
CUST00217,Female,0,43,No,DSL,49.41,2024.67,No
CUST00218,Female,0,1,Yes,DSL,76.92,75.24,Yes
CUST00219,Male,0,15,Yes,Fiber optic,61.74,1045.33,No
CUST00220,Male,0,17,Yes,Fiber optic,23.55,317.04,No
CUST00221,Male,0,54,No,Fiber optic,72.15,3913.47,Yes
CUST00222,Female,1,44,Yes,DSL,30.14,1652.53,Yes
CUST00223,Male,0,10,Yes,DSL,63.94,726.01,No
CUST00224,Female,0,49,No,DSL,47.49,2409.66,No
CUST00225,Female,0,61,No,Fiber optic,72.13,4068.54,No
CUST00226,Male,0,6,Yes,No,79.73,471.72,Yes
CUST00227,Female,0,65,Yes,No,36.38,2457.18,No
CUST00228,Female,1,38,Yes,No,74.73,2957.13,No
CUST00229,Male,1,58,Yes,DSL,30.38,1859.21,Yes
CUST00230,Female,1,10,No,Fiber optic,103.84,1062.16,Yes
CUST00231,Female,0,5,No,DSL,100.08,480.81,Yes
CUST00232,Male,0,51,Yes,Fiber optic,38.17,1490.72,No
CUST00233,Male,0,54,No,Fiber optic,39.97,1999.88,No
CUST00234,Male,0,6,Yes,Fiber optic,101.6,614.7,No
CUST00235,Male,0,57,Yes,No,26.66,1917.25,No
CUST00236,Female,0,4,No,Fiber optic,91.32,388.7,Yes
CUST00237,Female,1,9,Yes,Fiber optic,66.03,575.58,Yes
CUST00238,Male,1,54,No,Fiber optic,58.1,3121.76,No
CUST00239,Male,0,67,No,No,72.06,4626.56,No
CUST00240,Female,1,7,Yes,DSL,64.91,419.35,No
CUST00241,Female,0,1,No,Fiber optic,68.71,76.97,Yes
CUST00242,Male,0,3,Yes,DSL,92.64,,No
CUST00243,Male,0,27,Yes,Fiber optic,23.32,830.36,No
CUST00244,Female,1,55,No,Fiber optic,78.32,3856.73,No
CUST00245,Male,0,39,No,DSL,85.16,3392.13,No
CUST00246,Male,0,42,Yes,No,26.96,779.06,No
CUST00247,Female,0,63,Yes,DSL,52.4,3790.0,No
CUST00248,Female,0,5,No,Fiber optic,108.62,562.95,Yes
CUST00249,Female,0,26,Yes,No,38.19,1174.47,No
CUST00250,Male,1,12,Yes,Fiber optic,52.57,659.62,Yes
CUST00251,Male,0,7,Yes,Fiber optic,100.99,721.82,No
CUST00252,Male,1,12,No,No,91.93,1205.35,No
CUST00253,Female,0,62,No,Fiber optic,72.8,4953.7,No
CUST00254,Female,0,18,No,DSL,84.96,1705.77,No
CUST00255,Female,0,34,No,No,54.32,1561.95,No
CUST00256,Male,0,52,Yes,No,86.81,4153.98,No
CUST00257,Male,0,5,Yes,Fiber optic,79.93,449.18,No
CUST00258,Female,0,64,Yes,Fiber optic,39.08,3046.04,No
CUST00259,Male,0,30,Yes,DSL,88.74,2550.08,No
CUST00260,Female,1,1,No,Fiber optic,63.98,62.12,Yes
CUST00261,Female,0,57,Yes,No,55.1,2937.67,No
CUST00262,Female,0,7,No,DSL,82.28,521.95,Yes
CUST00263,Female,0,39,No,DSL,24.65,783.17,No
CUST00264,Female,1,61,No,DSL,41.7,2446.82,No
CUST00265,Female,0,9,No,No,89.96,810.38,Yes
CUST00266,Male,0,13,No,DSL,68.66,806.88,No
CUST00267,Male,1,18,Yes,Fiber optic,80.74,1437.74,Yes
CUST00268,Male,1,29,No,Fiber optic,72.52,2025.13,No
CUST00269,Male,0,2,Yes,DSL,70.64,149.42,Yes
CUST00270,Male,0,6,No,Fiber optic,94.47,537.38,No
CUST00271,Male,0,6,No,DSL,89.29,528.33,Yes
CUST00272,Female,0,69,Yes,Fiber optic,94.0,6511.53,No
CUST00273,Male,1,51,Yes,Fiber optic,59.46,2570.7,Yes
CUST00274,Male,1,12,Yes,DSL,97.44,1082.89,Yes
CUST00275,Male,0,8,Yes,Fiber optic,72.55,507.56,Yes
CUST00276,Male,0,17,Yes,DSL,28.17,585.35,No
CUST00277,Male,0,10,Yes,DSL,71.4,802.18,No
CUST00278,Male,0,72,No,Fiber optic,21.44,1027.44,No
CUST00279,Male,0,26,No,Fiber optic,84.81,1961.19,No
CUST00280,Male,0,48,No,Fiber optic,58.48,2345.19,No
CUST00281,Female,0,11,Yes,No,68.23,815.44,No
CUST00282,Male,0,50,No,Fiber optic,40.33,1885.75,No
CUST00283,Male,0,36,No,Fiber optic,38.1,1416.27,No
CUST00284,Male,0,2,Yes,DSL,104.99,216.94,Yes
CUST00285,Female,0,1,Yes,DSL,94.66,94.52,Yes
CUST00286,Female,1,12,Yes,DSL,57.82,621.35,No
CUST00287,Female,0,46,Yes,DSL,69.83,,No
CUST00288,Male,0,52,No,DSL,23.14,1452.6,No
CUST00289,Male,1,11,Yes,Fiber optic,83.6,887.02,No
CUST00290,Male,0,4,Yes,DSL,88.85,371.57,No
CUST00291,Male,0,5,No,No,91.62,484.49,Yes
CUST00292,Male,1,23,No,DSL,41.31,908.75,Yes
CUST00293,Female,1,12,No,No,31.22,439.34,No
CUST00294,Female,1,6,Yes,DSL,73.12,477.36,No
CUST00295,Female,0,12,Yes,DSL,57.9,586.3,No
CUST00296,Female,0,5,No,Fiber optic,70.37,400.62,Yes
CUST00297,Female,0,70,No,DSL,93.46,6318.71,No
CUST00298,Female,0,50,Yes,DSL,66.75,3365.02,No
CUST00299,Male,0,26,No,No,28.49,549.74,No
CUST00300,Male,0,10,Yes,DSL,70.27,670.37,Yes
CUST00301,Male,0,46,No,No,58.82,2995.08,No
CUST00302,Female,0,10,Yes,DSL,62.15,599.92,No
CUST00303,Male,0,2,Yes,DSL,77.24,,Yes
CUST00304,Male,0,55,No,DSL,46.77,3051.27,No
CUST00305,Female,0,6,No,DSL,99.66,634.3,Yes
CUST00306,Female,0,0,No,No,92.26,,Yes
CUST00307,Female,0,8,Yes,Fiber optic,84.39,643.79,Yes
CUST00308,Female,0,1,Yes,DSL,71.49,66.04,Yes
CUST00309,Male,0,12,No,DSL,67.39,746.55,No
CUST00310,Female,0,34,Yes,Fiber optic,37.7,1446.4,No
CUST00311,Male,0,20,Yes,DSL,90.3,1819.03,No
CUST00312,Male,0,8,Yes,DSL,88.78,650.87,No
CUST00313,Male,0,18,Yes,DSL,60.85,1174.19,No
CUST00314,Male,0,0,Yes,Fiber optic,70.52,,Yes
CUST00315,Male,0,0,No,Fiber optic,108.77,,No
CUST00316,Male,0,70,No,Fiber optic,36.21,1912.61,No
CUST00317,Male,0,7,No,Fiber optic,75.38,463.56,Yes
CUST00318,Male,1,0,No,Fiber optic,106.83,,Yes
CUST00319,Female,1,46,Yes,DSL,74.22,3780.33,Yes
CUST00320,Female,1,1,Yes,No,72.08,64.94,No
CUST00321,Female,0,41,Yes,Fiber optic,39.15,1817.27,Yes
CUST00322,Male,0,55,Yes,DSL,92.2,5209.61,No
CUST00323,Male,1,63,No,No,48.36,2746.27,No
CUST00324,Male,0,53,Yes,DSL,67.03,3493.04,No
CUST00325,Female,0,38,Yes,Fiber optic,29.28,822.19,No
CUST00326,Female,1,1,No,Fiber optic,95.63,86.45,No
CUST00327,Male,0,11,Yes,Fiber optic,72.68,824.47,Yes
CUST00328,Male,0,3,Yes,Fiber optic,73.87,209.16,Yes
CUST00329,Male,0,27,No,Fiber optic,25.94,555.71,No
CUST00330,Female,1,11,No,Fiber optic,84.88,872.61,Yes
CUST00331,Male,1,49,No,DSL,71.74,3748.93,No
CUST00332,Female,0,2,No,No,83.37,,Yes
CUST00333,Male,0,22,Yes,DSL,93.8,2278.38,No
CUST00334,Male,0,6,Yes,Fiber optic,107.71,662.46,Yes
CUST00335,Female,0,3,Yes,Fiber optic,90.71,294.95,No
CUST00336,Male,0,3,Yes,No,80.64,227.26,Yes
CUST00337,Female,0,34,No,DSL,38.48,1095.84,No
CUST00338,Female,0,8,Yes,Fiber optic,83.87,733.49,Yes
CUST00339,Female,0,14,Yes,DSL,72.02,1029.37,No
CUST00340,Male,0,59,No,DSL,23.79,1648.62,No
CUST00341,Female,1,58,Yes,Fiber optic,20.75,1593.11,No
CUST00342,Female,0,19,No,DSL,57.77,,No
CUST00343,Male,0,12,No,Fiber optic,70.48,916.85,No
CUST00344,Female,0,1,No,Fiber optic,99.34,94.58,Yes
CUST00345,Female,1,1,No,DSL,75.14,73.16,No
CUST00346,Female,0,3,No,Fiber optic,81.06,,No
CUST00347,Female,0,17,No,Fiber optic,60.57,974.21,No
CUST00348,Female,0,13,Yes,DSL,97.64,1270.89,No
CUST00349,Female,0,20,Yes,No,45.64,732.26,No
CUST00350,Male,0,44,No,Fiber optic,29.92,1492.7,No
CUST00351,Male,0,4,No,No,72.37,311.36,Yes
CUST00352,Male,1,2,Yes,DSL,64.6,127.8,No
CUST00353,Female,0,44,Yes,No,34.17,1701.36,No
CUST00354,Female,1,4,Yes,DSL,67.71,264.39,No
CUST00355,Female,1,23,Yes,Fiber optic,62.49,1244.05,No
CUST00356,Male,1,17,No,DSL,81.5,1343.12,Yes
CUST00357,Female,0,44,Yes,DSL,30.98,981.84,No
CUST00358,Female,0,37,No,No,87.59,3485.98,No
CUST00359,Male,0,36,No,Fiber optic,44.31,1369.86,No
CUST00360,Male,0,68,Yes,DSL,81.7,6009.03,No
CUST00361,Female,0,32,Yes,DSL,81.87,2631.31,No
CUST00362,Female,0,5,No,Fiber optic,71.82,329.08,Yes
CUST00363,Female,0,65,No,No,51.82,2769.1,No
CUST00364,Male,0,17,No,Fiber optic,88.19,1456.21,Yes
CUST00365,Female,0,63,Yes,DSL,20.75,1860.91,No
CUST00366,Male,0,4,Yes,DSL,82.52,350.94,Yes
CUST00367,Female,1,1,No,DSL,78.12,86.46,No
CUST00368,Female,1,3,Yes,DSL,99.03,298.2,Yes
CUST00369,Female,0,17,No,Fiber optic,51.39,840.27,No
CUST00370,Female,0,19,Yes,DSL,55.9,965.7,No
CUST00371,Male,0,48,No,Fiber optic,46.87,1847.36,Yes
CUST00372,Male,1,47,Yes,Fiber optic,30.98,1785.75,No
CUST00373,Female,0,70,Yes,No,81.59,6377.46,No
CUST00374,Female,0,2,Yes,No,73.63,144.17,Yes
CUST00375,Male,0,27,Yes,DSL,95.74,2564.9,No
CUST00376,Male,0,65,Yes,DSL,78.35,4784.14,No
CUST00377,Male,0,20,Yes,Fiber optic,22.59,456.8,Yes
CUST00378,Male,0,23,Yes,DSL,74.29,1752.49,No
CUST00379,Female,0,47,No,Fiber optic,60.41,2925.46,Yes
CUST00380,Male,0,20,No,No,68.4,1498.25,No
CUST00381,Male,1,6,Yes,DSL,101.96,556.8,Yes
CUST00382,Female,1,45,No,No,64.11,3014.69,No
CUST00383,Female,0,10,No,Fiber optic,83.8,,No
CUST00384,Female,0,9,Yes,Fiber optic,109.85,1043.71,Yes
CUST00385,Female,0,30,Yes,DSL,73.18,2236.97,No
CUST00386,Male,0,10,Yes,Fiber optic,67.73,585.98,No
CUST00387,Female,0,71,Yes,Fiber optic,59.81,4756.47,No
CUST00388,Male,0,9,No,No,97.92,949.14,No
CUST00389,Female,0,63,Yes,DSL,29.47,1595.57,No
CUST00390,Female,0,39,Yes,No,71.62,,No
CUST00391,Male,1,44,No,DSL,66.74,2949.85,No
CUST00392,Female,0,57,Yes,DSL,97.33,5763.88,No
CUST00393,Female,1,22,Yes,No,54.76,1060.54,No
CUST00394,Male,0,30,Yes,No,32.47,,No
CUST00395,Female,0,36,Yes,DSL,45.45,1319.1,No
CUST00396,Male,0,43,No,Fiber optic,95.2,4522.87,Yes
CUST00397,Female,0,4,Yes,Fiber optic,106.26,420.67,Yes
CUST00398,Female,0,6,Yes,No,61.01,376.62,No
CUST00399,Female,0,22,No,Fiber optic,56.9,1052.22,No
CUST00400,Female,1,47,Yes,Fiber optic,46.41,2207.71,No
CUST00401,Female,0,24,Yes,DSL,36.8,,No
CUST00402,Female,1,5,Yes,DSL,74.79,,No
CUST00403,Male,0,9,No,Fiber optic,79.77,745.06,Yes
CUST00404,Female,1,16,Yes,Fiber optic,75.71,1359.3,No
CUST00405,Male,0,4,No,DSL,78.14,,No
CUST00406,Female,1,58,Yes,Fiber optic,32.04,1948.45,No
CUST00407,Male,0,69,No,No,20.79,1399.74,No
CUST00408,Male,0,45,No,DSL,53.18,2611.8,No
CUST00409,Female,1,12,No,Fiber optic,53.62,587.01,No
CUST00410,Female,0,36,Yes,Fiber optic,87.64,3254.9,No
CUST00411,Female,0,2,No,DSL,75.3,146.94,Yes
CUST00412,Male,1,36,Yes,Fiber optic,61.43,2423.67,No
CUST00413,Male,0,67,Yes,DSL,29.59,2572.48,No
CUST00414,Female,0,10,Yes,DSL,96.55,934.52,Yes
CUST00415,Male,0,60,Yes,Fiber optic,23.24,1479.69,No
CUST00416,Male,0,44,Yes,Fiber optic,24.81,1022.74,No
CUST00417,Male,0,72,Yes,Fiber optic,30.62,2277.69,No
CUST00418,Female,1,16,No,Fiber optic,34.21,523.71,No
CUST00419,Male,0,60,No,Fiber optic,50.33,3563.84,No
CUST00420,Male,1,12,No,No,59.97,783.85,No
CUST00421,Male,0,12,Yes,Fiber optic,61.5,718.02,Yes
CUST00422,Male,1,33,Yes,DSL,98.94,2979.24,No
CUST00423,Male,0,42,Yes,DSL,29.19,,No
CUST00424,Male,0,48,Yes,Fiber optic,36.07,2148.67,No
CUST00425,Female,0,72,Yes,Fiber optic,51.35,4192.42,Yes
CUST00426,Male,1,54,No,DSL,94.46,4915.17,Yes
CUST00427,Female,0,7,Yes,Fiber optic,72.96,545.7,No
CUST00428,Female,0,8,Yes,DSL,75.59,639.24,No
CUST00429,Female,1,38,Yes,Fiber optic,48.32,1491.57,No
CUST00430,Male,0,11,No,Fiber optic,104.64,1242.41,Yes
CUST00431,Female,0,4,No,Fiber optic,68.64,237.74,No
CUST00432,Female,0,8,No,DSL,94.93,698.36,Yes
CUST00433,Female,0,59,No,DSL,21.31,985.73,No
CUST00434,Male,0,63,Yes,No,47.42,3100.21,No
CUST00435,Female,0,47,No,Fiber optic,83.66,3510.89,No
CUST00436,Male,1,42,Yes,Fiber optic,40.7,1674.51,No
CUST00437,Female,0,4,Yes,DSL,75.73,305.96,No
CUST00438,Male,1,22,Yes,DSL,27.96,408.01,No
CUST00439,Female,0,7,No,DSL,89.78,664.25,Yes
CUST00440,Female,0,66,No,DSL,92.76,6515.84,No
CUST00441,Male,0,55,No,DSL,75.85,4576.69,No
CUST00442,Male,0,8,No,No,106.25,912.22,Yes
CUST00443,Male,0,11,No,DSL,73.54,743.3,Yes
CUST00444,Male,0,57,Yes,DSL,56.01,3685.01,No
CUST00445,Male,0,38,Yes,DSL,85.29,3241.76,No
CUST00446,Female,0,12,Yes,Fiber optic,70.07,773.54,No
CUST00447,Male,0,67,Yes,Fiber optic,53.98,3431.01,No
CUST00448,Male,1,8,No,DSL,96.65,737.41,No
CUST00449,Female,0,12,Yes,No,26.54,333.76,No
CUST00450,Male,0,9,Yes,Fiber optic,71.33,563.92,No
CUST00451,Male,1,12,Yes,DSL,56.01,589.03,No
CUST00452,Male,0,36,Yes,No,62.53,2398.63,No
CUST00453,Female,0,3,Yes,DSL,75.47,242.09,No
CUST00454,Male,0,69,No,DSL,26.39,1311.31,No
CUST00455,Male,1,60,Yes,DSL,51.54,3322.13,Yes
CUST00456,Female,0,5,No,DSL,98.25,460.85,No
CUST00457,Male,0,11,Yes,DSL,88.31,1029.85,No
CUST00458,Male,0,24,No,Fiber optic,37.57,1074.46,No
CUST00459,Female,0,36,No,DSL,47.29,1779.89,No
CUST00460,Male,0,39,No,DSL,63.11,2778.12,No
CUST00461,Male,1,1,Yes,Fiber optic,79.12,71.27,No
CUST00462,Female,0,9,No,Fiber optic,71.27,716.05,No
CUST00463,Male,0,36,Yes,DSL,35.69,1118.88,No
CUST00464,Male,0,59,Yes,Fiber optic,94.14,5972.67,No
CUST00465,Female,0,33,Yes,No,25.83,609.44,No
CUST00466,Male,0,64,Yes,No,82.73,5041.61,No
CUST00467,Female,0,36,No,DSL,81.58,3275.36,No
CUST00468,Male,1,49,Yes,No,20.81,1039.98,Yes
CUST00469,Female,0,8,No,Fiber optic,61.73,,No
CUST00470,Female,1,6,No,DSL,69.62,398.87,No
CUST00471,Female,0,3,Yes,DSL,62.17,198.38,No
CUST00472,Female,0,6,Yes,DSL,69.96,392.96,No
CUST00473,Female,1,9,No,Fiber optic,61.56,,Yes
CUST00474,Male,0,35,No,Fiber optic,99.36,3611.11,No
CUST00475,Female,1,5,Yes,Fiber optic,107.46,574.85,No
CUST00476,Female,1,1,No,DSL,88.87,90.48,Yes
CUST00477,Female,0,3,No,Fiber optic,109.09,319.67,No
CUST00478,Female,0,59,No,DSL,44.8,2368.54,No
CUST00479,Male,0,68,No,DSL,92.18,6218.98,No
CUST00480,Female,0,26,No,Fiber optic,56.53,1215.7,No
CUST00481,Male,0,2,No,DSL,73.93,,Yes
CUST00482,Male,0,50,Yes,Fiber optic,77.32,3900.24,No
CUST00483,Female,0,40,No,Fiber optic,56.39,2508.0,No
CUST00484,Male,0,18,No,DSL,89.01,1667.82,No
CUST00485,Female,0,51,Yes,DSL,95.33,5248.23,No
CUST00486,Male,0,11,Yes,DSL,65.59,654.94,No
CUST00487,Male,1,9,No,Fiber optic,65.4,619.55,No
CUST00488,Male,0,27,No,Fiber optic,38.84,1210.01,Yes
CUST00489,Female,1,66,No,Fiber optic,91.59,5747.56,Yes
CUST00490,Male,0,11,No,Fiber optic,70.38,790.42,No
CUST00491,Male,1,3,No,Fiber optic,64.41,206.42,No
CUST00492,Female,0,10,Yes,Fiber optic,80.45,775.47,Yes
CUST00493,Female,0,55,Yes,DSL,35.97,1861.13,No
CUST00494,Female,0,11,Yes,No,96.58,1148.94,No
CUST00495,Male,0,40,No,No,96.51,3477.51,No
CUST00496,Male,0,5,Yes,Fiber optic,90.36,445.34,Yes
CUST00497,Female,0,19,Yes,Fiber optic,93.38,1863.98,No
CUST00498,Female,0,67,Yes,No,27.54,2371.89,No
CUST00499,Male,0,43,No,Fiber optic,53.53,2570.42,Yes
CUST00500,Male,0,35,No,DSL,73.4,2722.24,No
CUST00501,Male,0,59,No,No,59.63,3778.28,No
CUST00502,Male,0,35,Yes,Fiber optic,50.57,1655.5,Yes
CUST00503,Male,0,42,No,Fiber optic,96.67,3948.41,No
CUST00504,Male,0,2,No,Fiber optic,84.66,176.98,No
CUST00505,Male,0,7,No,DSL,84.37,647.31,No
CUST00506,Male,0,4,Yes,DSL,70.94,249.48,No
CUST00507,Male,0,9,Yes,No,84.32,791.18,Yes
CUST00508,Male,0,0,Yes,DSL,94.83,,No
CUST00509,Male,1,43,Yes,No,36.27,1606.59,No
CUST00510,Male,0,66,No,Fiber optic,86.06,5655.11,Yes
CUST00511,Male,0,7,Yes,Fiber optic,83.26,647.13,No
CUST00512,Male,0,29,Yes,No,65.16,1959.0,No
CUST00513,Female,0,38,Yes,DSL,66.37,2893.15,No
CUST00514,Female,0,7,No,DSL,61.34,367.04,No
CUST00515,Female,0,25,No,Fiber optic,66.8,1522.42,No
CUST00516,Male,0,12,No,DSL,43.96,641.28,No
CUST00517,Male,0,21,Yes,DSL,57.04,1333.99,No
CUST00518,Female,0,10,Yes,DSL,62.3,574.81,No
CUST00519,Male,0,12,No,No,36.71,446.57,No
CUST00520,Female,0,45,Yes,No,80.57,3374.16,No
CUST00521,Female,0,4,Yes,Fiber optic,106.69,438.45,Yes
CUST00522,Male,1,25,Yes,DSL,24.02,817.9,No
CUST00523,Male,0,9,No,Fiber optic,74.49,743.34,Yes
CUST00524,Male,0,72,Yes,DSL,44.99,2550.96,No
CUST00525,Female,0,62,Yes,Fiber optic,91.33,5867.39,Yes
CUST00526,Female,0,10,No,DSL,86.25,876.01,Yes
CUST00527,Female,0,5,No,No,95.37,450.29,Yes
CUST00528,Female,1,61,No,Fiber optic,54.76,2785.75,No
CUST00529,Female,1,12,No,DSL,37.03,,No
CUST00530,Female,1,3,Yes,No,88.37,270.69,Yes
CUST00531,Female,1,10,Yes,Fiber optic,80.98,768.33,No
CUST00532,Female,1,6,No,Fiber optic,95.71,621.98,No
CUST00533,Male,0,67,Yes,No,38.05,2722.2,No
CUST00534,Female,0,17,No,Fiber optic,61.48,1037.56,No
CUST00535,Female,0,7,Yes,Fiber optic,80.61,566.92,Yes
CUST00536,Female,0,52,No,Fiber optic,40.22,2143.82,Yes
CUST00537,Male,0,12,No,DSL,27.64,303.49,No
CUST00538,Female,0,48,No,No,25.22,1527.46,No
CUST00539,Female,0,43,No,Fiber optic,85.91,3477.84,No
CUST00540,Male,0,65,No,DSL,94.22,5739.38,No
CUST00541,Male,0,22,No,DSL,65.16,1362.32,No
CUST00542,Female,0,24,No,DSL,55.55,1177.94,No
CUST00543,Male,1,21,No,Fiber optic,27.78,700.05,Yes
CUST00544,Male,0,51,Yes,DSL,62.68,3014.09,No
CUST00545,Male,0,28,Yes,DSL,54.79,1808.77,No
CUST00546,Female,0,57,No,DSL,36.92,2159.02,No
CUST00547,Male,0,0,Yes,DSL,103.45,,Yes
CUST00548,Male,0,3,Yes,DSL,90.59,251.97,Yes
CUST00549,Female,0,5,No,Fiber optic,84.66,,Yes
CUST00550,Male,1,4,Yes,Fiber optic,85.27,350.5,Yes
CUST00551,Male,0,7,No,No,74.88,584.82,Yes
CUST00552,Male,0,46,Yes,DSL,58.5,2944.16,No
CUST00553,Male,0,27,Yes,DSL,39.75,1334.69,No
CUST00554,Female,0,2,Yes,No,109.68,227.91,No
CUST00555,Female,0,32,Yes,Fiber optic,87.95,2839.65,Yes
CUST00556,Female,0,44,No,DSL,28.66,1512.28,No
CUST00557,Male,1,2,No,DSL,67.6,116.52,No
CUST00558,Male,0,7,No,DSL,69.41,429.19,No
CUST00559,Male,0,42,No,DSL,55.23,2197.03,No
CUST00560,Male,1,24,No,DSL,70.24,1599.03,Yes
CUST00561,Female,0,46,Yes,No,89.04,4036.05,No
CUST00562,Female,1,24,Yes,DSL,69.27,1649.26,No
CUST00563,Male,0,60,No,Fiber optic,46.13,2387.01,No
CUST00564,Male,0,38,Yes,DSL,69.03,2942.85,No
CUST00565,Female,0,12,No,Fiber optic,68.47,843.76,Yes
CUST00566,Female,0,20,Yes,Fiber optic,58.09,1285.22,Yes
CUST00567,Female,0,9,Yes,DSL,70.62,697.29,Yes
CUST00568,Male,0,58,No,Fiber optic,77.8,4276.96,No
CUST00569,Male,0,49,No,DSL,42.48,1922.26,No
CUST00570,Male,1,62,Yes,DSL,26.29,2179.79,No
CUST00571,Female,0,53,No,Fiber optic,34.32,2295.92,Yes
CUST00572,Female,0,13,Yes,DSL,92.95,1102.59,No
CUST00573,Female,0,71,No,DSL,80.39,6101.59,No
CUST00574,Female,0,8,Yes,Fiber optic,78.72,659.53,No
CUST00575,Male,0,0,Yes,Fiber optic,76.81,,No
CUST00576,Female,0,13,Yes,DSL,86.94,1147.81,No
CUST00577,Female,0,7,No,DSL,100.68,665.97,Yes
CUST00578,Female,0,60,Yes,Fiber optic,66.32,3716.51,No
CUST00579,Male,0,5,No,DSL,72.17,373.04,Yes
CUST00580,Male,0,72,No,Fiber optic,26.74,1491.14,No
CUST00581,Male,0,12,Yes,DSL,82.27,954.42,No
CUST00582,Female,1,7,Yes,No,82.06,632.46,Yes
CUST00583,Male,1,13,No,Fiber optic,77.4,1005.57,No
CUST00584,Male,0,8,No,No,87.46,683.93,No
CUST00585,Female,0,8,Yes,DSL,82.01,670.13,No
CUST00586,Male,0,11,Yes,DSL,80.6,843.49,Yes
CUST00587,Female,0,51,No,No,60.35,2796.74,No
CUST00588,Male,1,8,Yes,Fiber optic,73.13,577.17,No
CUST00589,Male,0,4,No,Fiber optic,108.27,393.17,Yes
CUST00590,Female,0,12,Yes,Fiber optic,29.83,264.44,No
CUST00591,Female,0,43,Yes,No,27.34,1520.6,No
CUST00592,Female,0,71,No,No,66.92,4305.39,No
CUST00593,Male,0,12,No,Fiber optic,61.73,724.41,No
CUST00594,Male,1,8,No,DSL,88.1,643.93,Yes
CUST00595,Male,0,46,Yes,Fiber optic,72.06,3256.14,No
CUST00596,Male,0,0,No,DSL,62.59,,No
CUST00597,Female,0,55,No,DSL,96.15,4848.95,No
CUST00598,Female,1,14,No,DSL,80.02,1102.19,Yes
CUST00599,Female,0,26,No,Fiber optic,89.86,2454.43,Yes
CUST00600,Male,0,59,Yes,DSL,81.46,4437.19,No
CUST00601,Male,0,38,Yes,Fiber optic,21.32,475.3,Yes
CUST00602,Female,0,36,No,Fiber optic,94.45,3158.74,No
CUST00603,Female,1,17,Yes,Fiber optic,67.28,995.82,No
CUST00604,Female,0,10,No,Fiber optic,65.82,625.09,No
CUST00605,Male,0,69,Yes,Fiber optic,30.63,1647.01,No
CUST00606,Male,1,25,No,DSL,77.73,2072.48,Yes
CUST00607,Male,1,1,No,Fiber optic,88.42,85.39,Yes
CUST00608,Female,0,12,No,DSL,29.27,469.04,No
CUST00609,Female,0,1,Yes,DSL,62.55,58.21,No
CUST00610,Male,0,11,Yes,Fiber optic,79.45,856.9,Yes
CUST00611,Male,0,31,Yes,Fiber optic,69.37,2428.66,Yes
CUST00612,Female,1,45,Yes,No,95.08,4438.53,No
CUST00613,Female,0,33,Yes,No,74.28,2368.24,No
CUST00614,Female,0,9,No,Fiber optic,68.47,701.92,Yes
CUST00615,Female,0,72,Yes,DSL,84.31,5818.38,No
CUST00616,Female,0,11,No,Fiber optic,83.54,837.24,Yes
CUST00617,Male,0,9,Yes,No,77.41,661.59,No
CUST00618,Female,0,0,Yes,Fiber optic,64.3,,Yes
CUST00619,Male,0,9,Yes,DSL,95.65,938.21,Yes
CUST00620,Female,0,3,Yes,Fiber optic,87.88,,No
CUST00621,Female,0,34,Yes,Fiber optic,90.68,3263.63,No
CUST00622,Male,0,9,Yes,Fiber optic,61.99,498.41,No
CUST00623,Female,0,32,No,DSL,21.03,582.37,No
CUST00624,Male,0,25,No,DSL,85.99,2088.35,No
CUST00625,Male,0,47,Yes,Fiber optic,97.61,4318.58,No
CUST00626,Female,0,4,Yes,Fiber optic,107.13,397.13,Yes
CUST00627,Female,1,72,No,DSL,82.03,6291.48,Yes
CUST00628,Female,0,43,No,DSL,42.88,2220.94,No
CUST00629,Male,1,57,Yes,No,34.87,,No
CUST00630,Female,1,31,Yes,Fiber optic,80.63,2720.45,No
CUST00631,Male,1,10,Yes,No,106.59,1092.4,No
CUST00632,Male,0,1,Yes,No,71.7,72.34,No
CUST00633,Male,0,61,No,DSL,62.08,4021.71,No
CUST00634,Male,0,63,Yes,Fiber optic,45.63,3499.6,Yes
CUST00635,Male,1,3,Yes,DSL,94.03,258.9,No
CUST00636,Male,0,3,No,Fiber optic,106.29,302.03,No
CUST00637,Female,0,32,Yes,No,38.51,1491.99,No
CUST00638,Male,0,35,No,DSL,63.62,,No
CUST00639,Male,0,10,Yes,No,96.85,938.78,Yes
CUST00640,Female,1,7,Yes,No,78.81,577.81,No
CUST00641,Female,0,30,No,DSL,24.83,506.8,No
CUST00642,Male,1,4,No,Fiber optic,61.68,207.2,Yes
CUST00643,Male,0,11,Yes,Fiber optic,93.3,937.97,No
CUST00644,Female,0,0,Yes,Fiber optic,64.68,,No
CUST00645,Male,0,4,No,DSL,65.08,237.95,No
CUST00646,Male,0,5,No,DSL,83.47,380.35,No
CUST00647,Male,0,45,Yes,No,33.2,1503.44,No
CUST00648,Male,0,0,Yes,Fiber optic,75.82,,Yes
CUST00649,Male,0,18,Yes,No,38.45,809.58,No
CUST00650,Female,0,21,No,Fiber optic,74.0,1754.38,No
CUST00651,Female,0,29,Yes,DSL,83.51,2200.81,No
CUST00652,Female,1,46,No,DSL,45.52,1760.71,Yes
CUST00653,Male,0,18,Yes,No,27.08,538.16,No
CUST00654,Female,0,3,Yes,DSL,83.8,272.2,Yes
CUST00655,Male,1,4,Yes,No,92.4,396.44,Yes
CUST00656,Male,0,46,Yes,Fiber optic,49.69,2666.0,Yes
CUST00657,Female,0,43,Yes,Fiber optic,69.88,3037.63,Yes
CUST00658,Female,0,3,Yes,Fiber optic,75.24,213.74,No
CUST00659,Female,1,11,Yes,Fiber optic,100.13,998.82,No
CUST00660,Male,0,54,No,DSL,43.08,1962.72,No
CUST00661,Female,0,72,Yes,DSL,53.24,3532.8,No
CUST00662,Male,1,0,Yes,DSL,107.03,,No
CUST00663,Male,0,10,No,DSL,72.2,,Yes
CUST00664,Male,0,3,Yes,DSL,78.84,212.36,Yes
CUST00665,Male,0,3,No,Fiber optic,91.31,275.42,Yes
CUST00666,Male,0,41,Yes,Fiber optic,89.78,3282.08,Yes
CUST00667,Female,1,20,No,Fiber optic,47.5,1133.4,Yes
CUST00668,Male,0,0,Yes,Fiber optic,86.38,,Yes
CUST00669,Female,0,63,No,No,57.22,3689.45,No
CUST00670,Male,1,13,Yes,Fiber optic,46.35,560.91,Yes
CUST00671,Male,0,43,No,DSL,86.77,3607.48,No
CUST00672,Female,0,12,Yes,Fiber optic,39.73,573.29,No
CUST00673,Male,1,16,Yes,DSL,83.31,1252.54,No
CUST00674,Female,1,15,Yes,Fiber optic,32.96,509.62,No
CUST00675,Female,1,14,Yes,DSL,31.6,461.79,Yes
CUST00676,Female,0,3,Yes,Fiber optic,89.56,286.56,Yes
CUST00677,Male,0,6,Yes,Fiber optic,82.3,527.1,Yes
CUST00678,Male,1,22,No,No,31.38,543.83,Yes
CUST00679,Male,0,11,No,DSL,79.2,889.33,Yes
CUST00680,Male,0,43,Yes,DSL,45.68,1672.47,No
CUST00681,Female,0,6,No,DSL,109.2,658.01,No
CUST00682,Female,1,0,Yes,DSL,60.81,,Yes
CUST00683,Female,0,12,No,DSL,88.36,1087.62,No
CUST00684,Female,1,6,No,No,60.02,330.08,No
CUST00685,Female,0,6,Yes,No,64.16,,No
CUST00686,Female,0,67,No,Fiber optic,83.28,5314.42,Yes
CUST00687,Male,0,25,Yes,DSL,50.91,1057.67,No
CUST00688,Male,0,0,No,DSL,75.73,,Yes
CUST00689,Male,0,9,No,No,60.58,621.96,No
CUST00690,Female,0,9,No,No,98.35,814.45,Yes
CUST00691,Female,0,47,No,Fiber optic,81.28,4126.32,No
CUST00692,Male,0,14,Yes,No,70.97,,No
CUST00693,Female,1,12,No,Fiber optic,93.65,1211.72,Yes
CUST00694,Male,0,56,Yes,Fiber optic,87.63,5359.62,Yes
CUST00695,Male,0,17,Yes,No,37.4,671.98,No
CUST00696,Female,0,12,No,Fiber optic,69.38,814.22,Yes
CUST00697,Female,0,24,Yes,DSL,94.96,2512.37,No
CUST00698,Female,0,5,Yes,Fiber optic,84.41,400.41,No
CUST00699,Female,0,6,Yes,Fiber optic,96.05,581.56,Yes
CUST00700,Male,0,2,No,Fiber optic,99.71,185.79,Yes
CUST00701,Female,0,8,Yes,Fiber optic,83.88,715.88,Yes
CUST00702,Female,0,6,Yes,No,104.54,592.91,Yes
CUST00703,Male,0,71,No,No,46.15,2903.73,No
CUST00704,Female,0,32,No,DSL,73.24,2257.96,No
CUST00705,Male,1,15,Yes,DSL,63.54,1097.54,No
CUST00706,Female,0,63,Yes,Fiber optic,32.52,1428.52,Yes
CUST00707,Female,0,7,No,DSL,74.86,539.68,Yes
CUST00708,Male,1,58,Yes,DSL,79.72,4122.43,No
CUST00709,Female,0,7,Yes,DSL,92.9,660.83,Yes
CUST00710,Female,0,69,Yes,DSL,55.29,4368.09,No
CUST00711,Male,0,26,Yes,Fiber optic,87.49,2309.09,Yes
CUST00712,Male,0,59,Yes,DSL,57.99,3933.81,No
CUST00713,Male,0,22,No,Fiber optic,42.89,794.53,No
CUST00714,Female,1,10,No,Fiber optic,71.37,736.57,No
CUST00715,Male,1,12,Yes,DSL,48.22,572.79,No
CUST00716,Female,1,6,Yes,Fiber optic,69.56,422.12,Yes
CUST00717,Female,0,28,No,Fiber optic,55.27,1812.36,Yes
CUST00718,Female,0,50,No,Fiber optic,20.2,550.81,No
CUST00719,Female,0,6,Yes,DSL,66.34,338.33,No
CUST00720,Female,1,58,Yes,Fiber optic,40.91,2476.96,No
CUST00721,Male,0,62,No,Fiber optic,63.41,3455.66,No
CUST00722,Female,0,37,Yes,No,68.57,2558.96,No
CUST00723,Female,1,52,Yes,Fiber optic,97.6,5563.93,No
CUST00724,Male,0,32,No,No,44.21,1178.89,No
CUST00725,Male,1,20,No,DSL,84.38,1801.97,No
CUST00726,Female,0,24,No,DSL,28.65,492.14,No
CUST00727,Male,1,4,No,DSL,78.79,311.0,No
CUST00728,Male,0,14,Yes,DSL,65.19,,No
CUST00729,Female,0,68,Yes,DSL,74.48,4459.28,No
CUST00730,Female,0,55,Yes,DSL,51.26,2839.89,No
CUST00731,Male,1,11,Yes,Fiber optic,61.54,749.98,No
CUST00732,Male,0,14,Yes,DSL,55.56,866.87,No
CUST00733,Female,0,68,Yes,Fiber optic,61.38,4492.6,No
CUST00734,Female,0,24,No,No,58.0,1607.35,No
CUST00735,Male,0,55,Yes,Fiber optic,62.15,3489.3,Yes
CUST00736,Female,0,16,No,Fiber optic,82.09,1277.42,Yes
CUST00737,Male,1,57,Yes,Fiber optic,28.4,1712.64,No
CUST00738,Male,0,10,No,No,103.92,944.55,Yes
CUST00739,Male,0,46,No,No,45.11,1966.74,No
CUST00740,Female,0,9,No,DSL,78.28,744.17,Yes
CUST00741,Male,0,4,Yes,DSL,88.11,359.04,Yes
CUST00742,Female,1,12,No,DSL,82.57,948.06,No
CUST00743,Female,1,29,No,DSL,47.45,,No
CUST00744,Male,0,57,Yes,DSL,65.51,,No
CUST00745,Female,0,66,No,DSL,84.01,5579.13,No
CUST00746,Female,0,4,Yes,Fiber optic,109.02,439.75,Yes
CUST00747,Female,0,70,No,DSL,48.35,3427.58,No
CUST00748,Male,0,8,No,Fiber optic,89.57,766.88,Yes
CUST00749,Male,0,51,Yes,No,35.94,1520.73,No
CUST00750,Male,0,43,No,Fiber optic,59.22,2968.94,No
CUST00751,Female,0,68,Yes,No,52.84,3877.26,No
CUST00752,Female,0,1,No,Fiber optic,81.2,87.05,Yes
CUST00753,Male,0,11,Yes,DSL,99.11,1103.89,No
CUST00754,Male,0,57,Yes,DSL,75.95,4556.26,No
CUST00755,Male,0,12,Yes,No,24.8,305.03,No
CUST00756,Female,0,29,Yes,DSL,78.56,2494.61,No
CUST00757,Female,0,12,Yes,No,20.92,277.3,No
CUST00758,Female,0,8,Yes,Fiber optic,63.13,480.59,No
CUST00759,Female,1,67,No,Fiber optic,39.26,2652.98,Yes
CUST00760,Male,1,25,No,Fiber optic,98.74,2261.12,No
CUST00761,Female,0,8,No,DSL,93.05,733.16,Yes
CUST00762,Female,0,19,No,Fiber optic,89.52,1873.76,No
CUST00763,Male,0,11,Yes,DSL,60.69,594.4,No
CUST00764,Female,0,54,No,DSL,31.59,2222.48,No
CUST00765,Female,0,39,Yes,Fiber optic,63.24,2385.3,No
CUST00766,Male,1,27,Yes,Fiber optic,94.08,2293.69,No
CUST00767,Male,0,59,Yes,No,63.22,3832.86,No
CUST00768,Female,0,49,No,No,28.39,1746.86,No
CUST00769,Male,0,49,Yes,Fiber optic,20.52,1493.3,No
CUST00770,Female,0,42,No,No,41.99,1379.13,No
CUST00771,Female,1,17,No,No,23.21,321.44,No
CUST00772,Female,0,11,No,No,68.59,864.02,No
CUST00773,Male,0,10,Yes,DSL,103.12,949.59,No
CUST00774,Male,0,69,Yes,Fiber optic,84.06,5725.71,No
CUST00775,Male,0,0,Yes,No,76.62,,Yes
CUST00776,Female,0,31,No,DSL,62.42,2237.4,No
CUST00777,Female,1,53,Yes,DSL,72.21,3757.3,No
CUST00778,Male,0,47,No,Fiber optic,93.2,4745.41,Yes
CUST00779,Male,1,7,Yes,DSL,88.82,571.52,No
CUST00780,Male,1,7,Yes,DSL,89.68,647.99,Yes
CUST00781,Female,0,11,No,Fiber optic,75.91,786.18,No
CUST00782,Male,1,3,No,DSL,99.8,287.03,No
CUST00783,Male,0,1,No,No,82.27,73.66,Yes
CUST00784,Female,0,4,No,Fiber optic,97.52,364.22,No
CUST00785,Female,0,44,Yes,Fiber optic,57.71,2935.44,No
CUST00786,Male,0,50,No,Fiber optic,23.1,1022.34,No
CUST00787,Female,0,3,Yes,Fiber optic,65.48,213.79,No
CUST00788,Male,0,70,Yes,DSL,34.79,2748.62,No
CUST00789,Male,0,0,No,No,89.72,,No
CUST00790,Female,0,57,No,Fiber optic,23.4,1042.51,No
CUST00791,Male,0,60,No,Fiber optic,45.9,2890.37,No
CUST00792,Female,1,64,No,Fiber optic,78.98,4985.77,Yes
CUST00793,Male,0,2,Yes,Fiber optic,102.48,200.78,No
CUST00794,Female,0,12,Yes,Fiber optic,26.58,273.07,No
CUST00795,Female,0,15,Yes,No,85.18,1162.2,No
CUST00796,Female,0,59,No,Fiber optic,82.46,4860.29,Yes
CUST00797,Male,0,18,Yes,DSL,31.51,533.51,No
CUST00798,Female,1,71,No,No,60.84,3643.34,No
CUST00799,Female,0,38,No,Fiber optic,85.53,3266.26,Yes
CUST00800,Female,1,63,No,Fiber optic,65.0,3622.3,No
CUST00801,Male,0,63,No,No,86.79,5703.55,No
CUST00802,Female,0,29,No,DSL,66.45,2087.6,No
CUST00803,Female,0,13,No,No,58.7,822.2,No
CUST00804,Male,0,26,Yes,Fiber optic,56.89,1366.26,Yes
CUST00805,Female,0,1,No,DSL,97.05,,No
CUST00806,Female,0,49,No,DSL,34.78,1289.85,No
CUST00807,Male,0,2,No,Fiber optic,106.15,211.28,Yes
CUST00808,Male,0,37,No,No,80.75,2805.07,No
CUST00809,Male,1,65,Yes,Fiber optic,79.49,4734.46,Yes
CUST00810,Male,0,0,Yes,DSL,95.75,,Yes
CUST00811,Female,0,25,No,DSL,99.76,2359.87,No
CUST00812,Male,0,31,No,DSL,86.65,2738.25,No
CUST00813,Male,0,7,Yes,DSL,65.25,460.58,No
CUST00814,Female,0,3,No,DSL,68.48,208.82,No
CUST00815,Male,1,56,No,DSL,54.7,2570.72,No
CUST00816,Female,0,0,No,Fiber optic,90.89,,Yes
CUST00817,Male,0,67,Yes,DSL,41.95,3251.31,No
CUST00818,Male,0,53,No,Fiber optic,89.43,,No
CUST00819,Female,0,62,No,Fiber optic,77.84,,No
CUST00820,Female,0,11,Yes,Fiber optic,83.94,877.25,Yes
CUST00821,Female,0,1,Yes,Fiber optic,88.52,91.57,No
CUST00822,Male,0,27,No,No,46.76,1053.93,No
CUST00823,Male,0,5,No,DSL,76.5,406.35,No
CUST00824,Male,1,51,No,Fiber optic,59.14,3502.8,No
CUST00825,Male,0,42,Yes,DSL,46.57,1790.39,No
CUST00826,Female,0,52,No,DSL,38.99,,No
CUST00827,Male,1,23,No,DSL,35.31,1018.79,No
CUST00828,Female,0,7,Yes,DSL,84.31,543.5,No
CUST00829,Male,0,7,No,DSL,91.18,607.42,No
CUST00830,Female,0,15,No,Fiber optic,98.13,1527.05,Yes
CUST00831,Male,1,14,Yes,No,42.95,572.91,No
CUST00832,Male,1,23,Yes,DSL,28.05,629.22,No
CUST00833,Male,0,43,Yes,DSL,25.13,1308.43,No
CUST00834,Female,0,26,Yes,No,26.71,496.66,No
CUST00835,Male,1,10,No,No,92.6,934.15,Yes
CUST00836,Male,0,23,No,DSL,29.98,710.01,No
CUST00837,Male,0,11,No,Fiber optic,90.27,1065.17,Yes
CUST00838,Male,0,8,No,DSL,71.02,554.32,Yes
CUST00839,Male,0,9,No,DSL,75.66,635.83,No
CUST00840,Female,1,3,Yes,Fiber optic,103.98,302.07,Yes
CUST00841,Female,0,15,Yes,Fiber optic,87.58,1324.31,Yes
CUST00842,Female,0,2,Yes,No,74.19,141.83,Yes
CUST00843,Female,0,4,No,DSL,86.57,362.75,Yes
CUST00844,Female,0,0,No,DSL,108.27,,No
CUST00845,Male,1,14,Yes,DSL,86.94,1308.52,No
CUST00846,Male,0,10,Yes,Fiber optic,101.58,994.76,Yes
CUST00847,Male,0,30,No,Fiber optic,78.19,2268.42,No
CUST00848,Male,0,36,No,DSL,72.67,2371.29,No
CUST00849,Male,1,3,Yes,Fiber optic,95.55,264.53,Yes
CUST00850,Female,0,72,No,Fiber optic,85.35,6045.27,No
CUST00851,Female,0,5,No,Fiber optic,96.56,503.64,No
CUST00852,Male,0,46,No,DSL,62.6,2904.3,No
CUST00853,Male,1,62,No,DSL,77.08,4536.35,No
CUST00854,Female,0,11,Yes,Fiber optic,80.83,841.93,No
CUST00855,Male,1,0,No,DSL,61.64,,No
CUST00856,Male,0,1,No,Fiber optic,63.08,66.42,No
CUST00857,Female,0,33,Yes,Fiber optic,29.64,1051.21,Yes
CUST00858,Female,0,6,No,DSL,94.03,587.85,Yes
CUST00859,Male,0,0,Yes,Fiber optic,93.85,,Yes
CUST00860,Female,0,5,No,Fiber optic,63.38,351.3,No
CUST00861,Male,0,27,No,DSL,64.51,1600.43,No
CUST00862,Female,0,1,Yes,Fiber optic,101.33,101.11,Yes
CUST00863,Female,0,2,No,DSL,92.44,180.57,No
CUST00864,Male,0,23,Yes,Fiber optic,27.59,520.26,No
CUST00865,Male,0,9,Yes,DSL,77.06,622.1,No
CUST00866,Female,0,19,Yes,Fiber optic,65.11,1111.12,No
CUST00867,Male,0,68,Yes,Fiber optic,35.65,2560.03,No
CUST00868,Male,0,57,No,Fiber optic,95.21,,No
CUST00869,Female,0,7,No,No,60.71,467.73,No
CUST00870,Female,0,10,Yes,Fiber optic,72.82,,No
CUST00871,Female,0,5,Yes,Fiber optic,75.2,422.14,No
CUST00872,Female,0,58,Yes,No,86.84,,No
CUST00873,Male,0,39,Yes,DSL,53.7,2092.16,No
CUST00874,Male,0,1,Yes,DSL,62.86,62.98,No
CUST00875,Female,0,30,Yes,DSL,67.49,1982.31,No
CUST00876,Male,0,34,No,DSL,97.15,3104.14,No
CUST00877,Male,0,36,No,DSL,54.86,2318.82,No
CUST00878,Male,1,68,Yes,DSL,54.03,3221.31,No
CUST00879,Male,0,63,Yes,No,42.27,2635.27,No
CUST00880,Male,0,72,Yes,Fiber optic,53.79,3222.59,No
CUST00881,Male,0,27,Yes,DSL,53.02,1575.92,No
CUST00882,Female,0,58,Yes,No,42.52,,No
CUST00883,Female,0,2,No,Fiber optic,71.55,155.95,No
CUST00884,Female,0,57,Yes,DSL,21.15,673.59,No
CUST00885,Male,0,11,No,DSL,78.28,930.65,No
CUST00886,Male,0,71,No,DSL,28.12,2479.03,No
CUST00887,Female,0,0,Yes,Fiber optic,91.05,,Yes
CUST00888,Male,0,5,No,Fiber optic,85.25,438.01,Yes
CUST00889,Male,0,11,Yes,No,95.96,1162.48,Yes
CUST00890,Male,0,29,No,Fiber optic,40.79,1336.77,No
CUST00891,Female,0,13,No,DSL,79.48,974.37,No
CUST00892,Female,1,48,Yes,Fiber optic,42.62,2181.94,Yes
CUST00893,Female,1,39,Yes,No,70.56,2691.29,No
CUST00894,Male,1,37,Yes,Fiber optic,97.46,3556.63,Yes
CUST00895,Female,0,52,No,DSL,62.68,3628.24,No
CUST00896,Male,0,71,No,Fiber optic,79.63,5068.31,No
CUST00897,Male,1,1,No,No,100.97,93.71,No
CUST00898,Female,0,42,No,Fiber optic,26.11,777.15,No
CUST00899,Female,0,10,No,Fiber optic,63.44,599.55,No
CUST00900,Female,0,19,Yes,Fiber optic,75.77,1511.73,No
CUST00901,Male,0,63,No,Fiber optic,79.28,5365.99,No
CUST00902,Female,1,24,Yes,Fiber optic,80.71,1922.65,Yes
CUST00903,Male,0,41,No,DSL,57.99,2277.39,No
CUST00904,Female,0,34,Yes,DSL,57.01,1711.2,No
CUST00905,Male,1,1,Yes,DSL,79.56,79.72,Yes
CUST00906,Female,1,1,Yes,Fiber optic,60.72,65.9,No
CUST00907,Male,0,38,Yes,No,91.86,3800.67,No
CUST00908,Female,0,68,Yes,Fiber optic,68.11,5069.37,No
CUST00909,Female,0,68,No,Fiber optic,92.78,6221.6,No
CUST00910,Male,1,12,Yes,DSL,24.42,229.87,Yes
CUST00911,Female,0,4,Yes,Fiber optic,80.93,331.87,No
CUST00912,Male,1,59,Yes,Fiber optic,39.04,1715.31,No
CUST00913,Female,0,13,No,No,89.76,1107.14,No
CUST00914,Female,0,37,Yes,Fiber optic,56.9,2255.63,No
CUST00915,Male,0,67,Yes,Fiber optic,28.04,1881.05,No
CUST00916,Male,0,68,No,Fiber optic,54.59,3225.05,No
CUST00917,Female,0,9,No,DSL,100.93,970.18,No
CUST00918,Female,0,12,No,Fiber optic,33.44,371.51,No
CUST00919,Male,0,70,Yes,Fiber optic,43.27,3713.59,No
CUST00920,Female,0,56,Yes,DSL,39.3,2317.15,No
CUST00921,Male,0,39,No,Fiber optic,77.86,2756.42,No
CUST00922,Male,0,56,Yes,Fiber optic,30.66,1834.54,No
CUST00923,Male,1,9,Yes,Fiber optic,99.25,901.45,No
CUST00924,Female,0,47,Yes,DSL,91.24,4648.33,No
CUST00925,Male,0,56,No,DSL,66.83,3457.47,No
CUST00926,Female,1,4,No,DSL,80.29,305.76,Yes
CUST00927,Male,0,27,Yes,DSL,89.03,2228.67,No
CUST00928,Female,0,1,No,DSL,85.24,89.57,Yes
CUST00929,Male,1,46,No,No,82.3,3829.67,No
CUST00930,Male,0,53,No,No,89.95,4415.07,No
CUST00931,Male,0,60,No,DSL,39.19,2328.97,No
CUST00932,Male,0,32,No,Fiber optic,88.43,2520.88,No
CUST00933,Female,0,24,No,Fiber optic,96.34,2097.77,No
CUST00934,Female,1,63,No,Fiber optic,64.15,4418.07,No
CUST00935,Male,1,11,Yes,DSL,79.03,923.04,Yes
CUST00936,Female,0,15,No,No,92.57,1316.48,No
CUST00937,Female,0,9,No,DSL,82.5,799.58,No
CUST00938,Male,0,10,No,DSL,101.87,949.08,Yes
CUST00939,Male,1,52,No,No,71.0,3217.98,Yes
CUST00940,Male,0,42,No,Fiber optic,70.63,2869.57,No
CUST00941,Female,0,10,Yes,DSL,64.16,574.75,No
CUST00942,Male,0,66,Yes,No,72.83,5191.31,No
CUST00943,Male,1,55,No,Fiber optic,49.68,2974.83,Yes
CUST00944,Female,0,10,Yes,DSL,79.88,766.69,Yes
CUST00945,Male,1,66,No,DSL,33.03,1774.88,No
CUST00946,Female,0,9,No,No,72.77,731.98,No
CUST00947,Female,0,67,Yes,Fiber optic,64.6,4755.91,Yes
CUST00948,Female,1,69,Yes,DSL,37.67,2981.6,No
CUST00949,Male,0,47,Yes,DSL,52.19,2835.68,No
CUST00950,Female,0,0,Yes,No,88.19,,No
CUST00951,Female,0,11,Yes,Fiber optic,95.41,957.39,No
CUST00952,Female,0,0,No,Fiber optic,109.0,,No
CUST00953,Male,0,29,No,DSL,84.51,2214.55,No
CUST00954,Female,0,65,No,No,41.25,2652.07,No
CUST00955,Female,1,7,No,Fiber optic,65.2,487.88,Yes
CUST00956,Male,1,0,Yes,DSL,88.58,,Yes
CUST00957,Female,0,66,Yes,DSL,31.86,2034.1,No
CUST00958,Female,0,68,Yes,No,50.86,3998.49,No
CUST00959,Male,1,2,Yes,DSL,85.63,163.51,No
CUST00960,Female,1,51,No,DSL,32.49,1867.4,No
CUST00961,Female,0,1,Yes,Fiber optic,73.83,68.23,Yes
CUST00962,Male,1,0,Yes,Fiber optic,104.0,,Yes
CUST00963,Female,0,5,No,No,98.48,459.24,Yes
CUST00964,Female,0,35,Yes,DSL,67.46,2608.5,No
CUST00965,Female,0,56,Yes,No,61.19,3189.33,No
CUST00966,Female,0,5,Yes,Fiber optic,72.95,404.62,No
CUST00967,Male,1,46,No,Fiber optic,56.11,2155.43,Yes
CUST00968,Male,1,65,No,DSL,53.83,4005.77,No
CUST00969,Male,0,62,Yes,Fiber optic,41.74,1997.16,No
CUST00970,Female,0,37,No,Fiber optic,46.04,1949.27,No
CUST00971,Male,1,23,Yes,DSL,60.57,,No
CUST00972,Female,0,36,Yes,DSL,62.87,2498.12,No
CUST00973,Male,0,57,No,Fiber optic,26.15,1599.83,Yes
CUST00974,Male,0,62,Yes,No,38.38,,No
CUST00975,Male,0,22,No,Fiber optic,48.94,1214.37,Yes
CUST00976,Male,1,0,No,No,77.22,,Yes
CUST00977,Female,0,53,Yes,Fiber optic,56.0,2488.13,Yes
CUST00978,Male,1,39,No,Fiber optic,61.76,2282.73,Yes
CUST00979,Female,1,2,No,DSL,63.43,144.34,No
CUST00980,Male,0,2,No,No,106.66,228.38,Yes
CUST00981,Female,0,12,No,Fiber optic,38.74,469.48,Yes
CUST00982,Male,0,8,Yes,DSL,67.02,471.53,No
CUST00983,Female,0,64,Yes,DSL,87.64,5468.25,No
CUST00984,Female,0,9,Yes,Fiber optic,92.27,854.49,No
CUST00985,Female,0,72,No,No,58.41,3493.88,No
CUST00986,Female,1,43,No,DSL,82.75,3639.41,No
CUST00987,Male,1,66,Yes,Fiber optic,33.08,1737.39,Yes
CUST00988,Male,0,44,No,No,56.95,2573.77,No
CUST00989,Male,0,41,No,No,50.89,1873.44,No
CUST00990,Female,0,34,Yes,Fiber optic,21.1,1013.72,No
CUST00991,Male,0,11,No,Fiber optic,95.25,985.2,No
CUST00992,Male,0,11,Yes,Fiber optic,71.39,725.51,Yes
CUST00993,Male,0,0,Yes,DSL,79.5,,No
CUST00994,Female,0,41,Yes,Fiber optic,95.55,3878.38,No
CUST00995,Male,0,4,Yes,Fiber optic,87.69,312.03,No
CUST00996,Female,0,6,No,DSL,102.07,625.22,Yes
CUST00997,Male,1,52,No,Fiber optic,24.13,1734.62,Yes
CUST00998,Female,0,54,Yes,Fiber optic,59.98,3473.12,Yes
CUST00999,Female,0,65,No,Fiber optic,77.22,5208.0,Yes
CUST01000,Male,0,24,Yes,No,54.66,1144.42,No
